SPECIES,QUADRANT,TREATMENT (DS/M),HEIGHT (CM),TIME (DAY OF MONTH)
LB1.0.1.1025,1,0,8,25-Oct
LB1.0.2.1025,1,0,21,25-Oct
LB1.0.3.1025,1,0,10,25-Oct
LB1.0.4.1025,1,0,9,25-Oct
LB1.0.5.1025,1,0,19,25-Oct
LB1.0.6.1025,1,0,11,25-Oct
LB1.8.1.1025,1,8,8,25-Oct
LB1.8.2.1025,1,8,3,25-Oct
LB1.8.3.1025,1,8,5,25-Oct
LB1.8.4.1025,1,8,6,25-Oct
LB1.8.5.1025,1,8,8,25-Oct
LB1.8.6.1025,1,8,7,25-Oct
LB1.16.1.1025,1,16,8,25-Oct
LB1.16.2.1025,1,16,7,25-Oct
LB1.16.3.1025,1,16,9,25-Oct
LB1.16.4.1025,1,16,8,25-Oct
LB1.16.5.1025,1,16,8,25-Oct
LB1.16.6.1025,1,16,7,25-Oct
LB1.24.1.1025,1,24,8,25-Oct
LB1.24.2.1025,1,24,7,25-Oct
LB1.24.3.1025,1,24,8,25-Oct
LB1.24.4.1025,1,24,4,25-Oct
BL1.24.5.1025,1,24,9,25-Oct
LB1.24.6.1025,1,24,9,25-Oct
LB2.0.1.1025,2,0,5,25-Oct
LB2.0.2.1025,2,0,6,25-Oct
LB2.0.3.1025,2,0,7,25-Oct
LB2.0.4.1025,2,0,6,25-Oct
LB2.0.5.1025,2,0,4,25-Oct
LB2.0.6.1025,2,0,6,25-Oct
LB2.8.1.1025,2,8,8,25-Oct
LB2.8.2.1025,2,8,12,25-Oct
LB2.8.3.1025,2,8,4,25-Oct
LB2.8.4.1025,2,8,8,25-Oct
LB2.8.4.1025,2,8,7,25-Oct
LB2.8.6.1025,2,8,7,25-Oct
LB2.16.1.1025,2,16,5,25-Oct
LB2.16.2.1025,2,16,17,25-Oct
LB2.16.3.1025,2,16,8,25-Oct
LB2.16.4.1025,2,16,5,25-Oct
LB2.16.5.1025,2,16,5,25-Oct
LB2.16.6.1025,2,16,6,25-Oct
LB2.24.1.1025,2,24,5,25-Oct
LB2.24.2.1025,2,24,7,25-Oct
LB2.24.3.1025,2,24,4,25-Oct
LB2.24.4.1025,2,24,6,25-Oct
LB2.24.5.1025,2,24,2,25-Oct
LB2.24.6.1025,2,24,6,25-Oct
LB3.0.1.1025,3,0,7,25-Oct
LB3.0.2.1025,3,0,9,25-Oct
LB3.0.3.1025,3,0,7,25-Oct
LB3.0.4.1025,3,0,6,25-Oct
LB3.0.5.1025,3,0,6,25-Oct
LB3.0.6.1025,3,0,6,25-Oct
LB3.8.1.1025,3,8,8,25-Oct
LB3.8.2.1025,3,8,9,25-Oct
LB3.8.3.1025,3,8,7,25-Oct
LB3.8.4.1025,3,8,6,25-Oct
LB3.8.5.1025,3,8,7,25-Oct
LB3.8.6.1025,3,8,7,25-Oct
LB3.16.1.1025,3,16,7,25-Oct
LB3.16.2.1025,3,16,5,25-Oct
LB3.16.3.1025,3,16,4,25-Oct
LB3.16.4.1025,3,16,6,25-Oct
LB3.16.5.1025,3,16,6,25-Oct
LB3.16.6.1025,3,16,4,25-Oct
LB3.24.1.1025,3,24,19,25-Oct
LB3.24.2.1025,3,24,13,25-Oct
LB3.24.3.1025,3,24,6,25-Oct
LB3.24.4.1025,3,24,6,25-Oct
LB3.24.5.1025,3,24,6,25-Oct
LB3.24.6.1025,3,24,13,25-Oct
LB4.0.1.1025,4,0,6,25-Oct
LB4.0.2.1025,4,0,3,25-Oct
LB4.0.3.1025,4,0,7,25-Oct
LB4.0.4.1025,4,0,20,25-Oct
LB4.0.5.1025,4,0,6,25-Oct
LB4.0.6.1025,4,0,6,25-Oct
LB4.8.1.1025,4,8,6,25-Oct
LB4.8.2.1025,4,8,8,25-Oct
LB4.8.3.1025,4,8,12,25-Oct
LB4.8.4.1025,4,8,17,25-Oct
LB4.8.5.1025,4,8,8,25-Oct
LB4.8.6.1025,4,8,6,25-Oct
LB4.16.1.1025,4,16,3,25-Oct
LB4.16.2.1025,4,16,X,25-Oct
LB4.16.3.1025,4,16,6,25-Oct
LB4.16.4.1025,4,16,6,25-Oct
LB4.16.5.1025,4,16,5,25-Oct
LB4.16.6.1025,4,16,5,25-Oct
LB4.24.1.1025,4,24,9,25-Oct
LB4.24.2.1025,4,24,12,25-Oct
LB4.24.3.1025,4,24,10,25-Oct
LB4.24.4.1025,4,24,8,25-Oct
LB4.24.5.1025,4,24,14,25-Oct
LB4.24.6.1025,4,24,X,25-Oct
LB5.0.1.1025,5,0,6,25-Oct
LB5.0.2.1025,5,0,7,25-Oct
LB5.0.3.1025,5,0,7,25-Oct
LB5.0.4.1025,5,0,7,25-Oct
LB5.0.5.1025,5,0,6,25-Oct
LB5.0.6.1025,5,0,6,25-Oct
LB5.8.1.1025,5,8,9,25-Oct
LB5.8.2.1025,5,8,6,25-Oct
LB5.8.3.1025,5,8,6,25-Oct
LB5.8.4.1025,5,8,6,25-Oct
LB5.8.5.1025,5,8,6,25-Oct
LB5.8.6.1025,5,8,6,25-Oct
LB5.16.1.1025,5,16,5,25-Oct
LB5.16.2.1025,5,16,6,25-Oct
LB5.16.3.1025,5,16,5,25-Oct
LB5.16.4.1025,5,16,3,25-Oct
LB5.16.5.1025,5,16,6,25-Oct
LB5.16.6.1025,5,16,7,25-Oct
LB5.24.1.1025,5,24,5,25-Oct
LB5.24.2.1025,5,24,6,25-Oct
LB5.24.3.1025,5,24,9,25-Oct
LB5.24.4.1025,5,24,8,25-Oct
LB5.24.5.1025,5,24,8,25-Oct
LB5.24.6.1025,5,24,20,25-Oct
LB6.0.1.1025,6,0,7,25-Oct
LB6.0.2.1025,6,0,6,25-Oct
LB6.0.3.1025,6,0,7,25-Oct
LB6.0.4.1025,6,0,6,25-Oct
LB6.0.5.1025,6,0,5,25-Oct
LB6.0.6.1025,6,0,5,25-Oct
LB6.8.1.1025,6,8,22,25-Oct
LB6.8.2.1025,6,8,7,25-Oct
LB6.8.3.1025,6,8,10,25-Oct
LB6.8.4.1025,6,8,8,25-Oct
LB6.8.5.1025,6,8,7,25-Oct
LB6.8.6.1025,6,8,6,25-Oct
LB6.16.1.1025,6,16,7,25-Oct
LB6.16.2.1025,6,16,7,25-Oct
LB6.16.3.1025,6,16,7,25-Oct
LB6.16.4.1025,6,16,6,25-Oct
LB6.16.5.1025,6,16,10,25-Oct
LB6.16.6.1025,6,16,4,25-Oct
LB6.24.1.1025,6,24,8,25-Oct
LB6.24.2.1025,6,24,6,25-Oct
LB6.24.3.1025,6,24,5,25-Oct
LB6.24.4.1025,6,24,2,25-Oct
LB6.24.5.1025,6,24,7,25-Oct
LB6.24.6.1025,6,24,9,25-Oct
,,,,
BG1.0.1.1025,1,0,40,25-Oct
BG1.0.2.1025,1,0,30,25-Oct
BG1.0.3.1025,1,0,31,25-Oct
BG1.0.4.1025,1,0,26,25-Oct
BG1.0.5..1025,1,0,22,25-Oct
BG1.0.6.1025,1,0,30,25-Oct
BG1.8.1.1025,1,8,28,25-Oct
BG1.8.2.1025,1,8,32,25-Oct
BG1.8.3.1025,1,8,24,25-Oct
BG1.8.4.1025,1,8,34,25-Oct
BG1.8.5.1025,1,8,37,25-Oct
BG1.8.6.1025,1,8,27,25-Oct
BG1.16.1.1025,1,16,22,25-Oct
BG1.16.2.1025,1,16,16,25-Oct
BG1.16.3.1025,1,16,28,25-Oct
BG1.16.4.1025,1,16,30,25-Oct
BG1.16.5.1025,1,16,35,25-Oct
BG1.16.6.1025,1,16,X,25-Oct
BG1.24.1.1025,1,24,10,25-Oct
BG1.24.2.1025,1,24,25,25-Oct
BG1.24.3.1025,1,24,10,25-Oct
BG1.24.4.1025,1,24,14,25-Oct
BG1.24.5.1025,1,24,32,25-Oct
BG1.24.6.1025,1,24,20,25-Oct
BG2.0.1.1025,2,0,25,25-Oct
BG2.0.2.1025,2,0,26,25-Oct
BG2.0.3.1025,2,0,33,25-Oct
BG2.0.4.1025,2,0,30,25-Oct
BG2.0.5.1025,2,0,33,25-Oct
BG2.0.6.1025,2,0,25,25-Oct
BG2.8.1.1025,2,8,36,25-Oct
BG2.8.2.1025,2,8,29,25-Oct
BG2.8.3.1025,2,8,28,25-Oct
BG2.8.4.1025,2,8,28,25-Oct
BG2.8.5.1025,2,8,30,25-Oct
BG2.8.6.1025,2,8,25,25-Oct
BG2.16.1.1025,2,16,20,25-Oct
BG2.16.2.1025,2,16,31,25-Oct
BG2.16.3.1025,2,16,18,25-Oct
BG2.16.4.1025,2,16,17,25-Oct
BG2.16.5.1025,2,16,21,25-Oct
BG2.16.6.1025,2,16,32,25-Oct
BG2.24.1.1025,2,24,17,25-Oct
BG2.24.2.1025,2,24,24,25-Oct
BG2.24.3.1025,2,24,23,25-Oct
BG2.24.4.1025,2,24,23,25-Oct
BG2.24.5.1025,2,24,15,25-Oct
BG2.24.6.1025,2,24,5,25-Oct
BG3.0.1.1025,3,0,12,25-Oct
BG3.0.2.1025,3,0,21,25-Oct
BG3.0.3.1025,3,0,12,25-Oct
BG3.0.4.1025,3,0,23,25-Oct
BG3.0.5.1025,3,0,15,25-Oct
BG3.0.6.1025,3,0,17,25-Oct
BG3.8.1.1025,3,8,28,25-Oct
BG3.8.2.1025,3,8,15,25-Oct
BG3.8.3.1025,3,8,15,25-Oct
BG3.8.4.1025,3,8,28,25-Oct
BG3.8.5.1025,3,8,28,25-Oct
BG3.8.6.1025,3,8,19,25-Oct
BG3.16.1.1025,3,16,35,25-Oct
BG3.16.2.1025,3,16,27,25-Oct
BG3.16.3.1025,3,16,13,25-Oct
BG3.16.4.1025,3,16,18,25-Oct
BG3.16.5.1025,3,16,23,25-Oct
BG3.16.6.1025,3,16,20,25-Oct
BG3.24.1.1025,3,24,15,25-Oct
BG3.24.2.1025,3,24,X,25-Oct
BG3.24.3.1025,3,24,23,25-Oct
BG3.24.4.1025,3,24,26,25-Oct
BG3.24.5.1025,3,24,14,25-Oct
BG3.24.6.1025,3,24,X,25-Oct
BG4.0.1.1025,4,0,12,25-Oct
BG4.0.2.1025,4,0,28,25-Oct
BG4.0.3.1025,4,0,33,25-Oct
BG4.0.4.1025,4,0,27,25-Oct
BG4.0.5.1025,4,0,28,25-Oct
BG4.0.6.1025,4,0,34,25-Oct
BG4.8.1.1025,4,8,13,25-Oct
BG4.8.2.1025,4,8,22,25-Oct
BG4.8.3.1025,4,8,34,25-Oct
BG4.8.4.1025,4,8,19,25-Oct
BG4.8.5.1025,4,8,26,25-Oct
BG4.8.6.1025,4,8,17,25-Oct
BG4.16.1.1025,4,16,8,25-Oct
BG4.16.2.1025,4,16,9,25-Oct
BG4.16.3.1025,4,16,8,25-Oct
BG4.16.4.1025,4,16,18,25-Oct
BG4.16.5.1025,4,16,21,25-Oct
BG4.16.6.1025,4,16,13,25-Oct
BG4.24.1.1025,4,24,7,25-Oct
BG4.24.2.1025,4,24,9,25-Oct
BG4.24.3.1025,4,24,14,25-Oct
BG4.24.4.1025,4,24,22,25-Oct
BG4.24.5.1025,4,24,10,25-Oct
BG4.24.6.1025,4,24,X,25-Oct
BG5.0.1.1025,5,0,42,25-Oct
BG5.0.2.1025,5,0,29,25-Oct
BG5.0.3.1025,5,0,37,25-Oct
BG5.0.4.1025,5,0,35,25-Oct
BG5.0.5.1025,5,0,36,25-Oct
BG5.0.6.1025,5,0,29,25-Oct
BG5.8.1.1025,5,8,22,25-Oct
BG5.8.2.1025,5,8,27,25-Oct
BG5.8.3.1025,5,8,24,25-Oct
BG5.8.4.1025,5,8,25,25-Oct
BG5.8.5.1025,5,8,22,25-Oct
BG5.8.6.1025,5,8,23,25-Oct
BG5.16.1.1025,5,16,6,25-Oct
BG5.16.2.1025,5,16,25,25-Oct
BG5.16.3.1025,5,16,28,25-Oct
BG5.16.4.1025,5,16,29,25-Oct
BG5.16.5.1025,5,16,35,25-Oct
BG5.16.6.1025,5,16,21,25-Oct
BG5.24.1.1025,5,24,12,25-Oct
BG5.24.2.1025,5,24,11,25-Oct
BG5.24.3.1025,5,24,26,25-Oct
BG5.24.4.1025,5,24,10,25-Oct
BG5.24.5.1025,5,24,20,25-Oct
BG5.24.6.1025,5,24,14,25-Oct
BG6.0.1.1025,6,0,30,25-Oct
BG6.0.2.1025,6,0,23,25-Oct
BG6.0.3.1025,6,0,18,25-Oct
BG6.0.4.1025,6,0,37,25-Oct
BG6.0.5.1025,6,0,25,25-Oct
BG6.0.6.1025,6,0,29,25-Oct
BG6.8.1.1025,6,8,16,25-Oct
BG6.8.2.1025,6,8,17,25-Oct
BG6.8.3.1025,6,8,27,25-Oct
BG6.8.4.1025,6,8,20,25-Oct
BG6.8.5.1025,6,8,17,25-Oct
BG6.8.6.1025,6,8,23,25-Oct
BG6.16.1.1025,6,16,19,25-Oct
BG6.16.2.1025,6,16,30,25-Oct
BG6.16.3.1025,6,16,18,25-Oct
BG6.16.4.1025,6,16,9,25-Oct
BG6.16.5.1025,6,16,27,25-Oct
BG6.16.6.1025,6,16,13,25-Oct
BG6.24.1.1025,6,24,26,25-Oct
BG6.24.2.1025,6,24,12,25-Oct
BG6.24.3.1025,6,24,X,25-Oct
BG6.24.4.1025,6,24,7,25-Oct
BG6.24.5.1025,6,24,16,25-Oct
BG6.24.6.1025,6,24,13,25-Oct
,,,,
SG1.0.1.1025,1,0,15,25-Oct
SG1.0.2.1025,1,0,16,25-Oct
SG1.0.3.1025,1,0,29,25-Oct
SG1.0.4.1025,1,0,20,25-Oct
SG1.0.5.1025,1,0,32,25-Oct
SG1.0.6.1025,1,0,25,25-Oct
SG1.8.1.1025,1,8,29,25-Oct
SG1.8.2.1025,1,8,14,25-Oct
SG1.8.3.1025,1,8,21,25-Oct
SG1.8.4.1025,1,8,21,25-Oct
SG1.8.5.1025,1,8,36,25-Oct
SG1.8.6.1025,1,8,11,25-Oct
SG1.16.1.1025,1,16,39,25-Oct
SG1.16.2.1025,1,16,22,25-Oct
SG1.16.3.1025,1,16,22,25-Oct
SG1.16.4.1025,1,16,39,25-Oct
SG1.16.5.1025,1,16,20,25-Oct
SG1.16.6.1025,1,16,9,25-Oct
SG1.24.1.1025,1,24,26,25-Oct
SG1.24.2.1025,1,24,29,25-Oct
SG1.24.3.1025,1,24,26,25-Oct
SG1.24.4.1025,1,24,13,25-Oct
SG1.24.5.1025,1,24,36,25-Oct
SG1.24.6.1025,1,24,31,25-Oct
SG2.0.1.1025,2,0,21,25-Oct
SG2.0.2.1025,2,0,23,25-Oct
SG2.0.3.1025,2,0,17,25-Oct
SG2.0.4.1025,2,0,12,25-Oct
SG2.0.5.1025,2,0,27,25-Oct
SG2.0.6.1025,2,0,29,25-Oct
SG2.8.1.1025,2,8,23,25-Oct
SG2.8.2.1025,2,8,25,25-Oct
SG2.8.3.1025,2,8,19,25-Oct
SG2.8.4.1025,2,8,10,25-Oct
SG2.8.5.1025,2,8,19,25-Oct
SG2.8.6.1025,2,8,29,25-Oct
SG2.16.1.1025,2,16,25,25-Oct
SG2.16.2.1025,2,16,30,25-Oct
SG2.16.3.1025,2,16,32,25-Oct
SG2.16.4.1025,2,16,31,25-Oct
SG2.16.5.1025,2,16,22,25-Oct
SG2.16.6.1025,2,16,28,25-Oct
SG2.24.1.1025,2,24,22,25-Oct
SG2.24.2.1025,2,24,21,25-Oct
SG2.24.3.1025,2,24,19,25-Oct
SG2.24.4.1025,2,24,31,25-Oct
SG2.24.5.1025,2,24,17,25-Oct
SG2.24.6.1025,2,24,35,25-Oct
SG3.0.1.1025,3,0,21,25-Oct
SG3.0.2.1025,3,0,18,25-Oct
SG3.0.3.1025,3,0,32,25-Oct
SG3.0.4.1025,3,0,32,25-Oct
SG3.0.5.1025,3,0,16,25-Oct
SG3.0.6.1025,3,0,27,25-Oct
SG3.8.1.1025,3,8,17,25-Oct
SG3.8.2.1025,3,8,29,25-Oct
SG3.8.3.1025,3,8,27,25-Oct
SG3.8.4.1025,3,8,28,25-Oct
SG3.8.5.1025,3,8,25,25-Oct
SG3.8.6.1025,3,8,28,25-Oct
SG3.16.1.1025,3,16,18,25-Oct
SG3.16.2.1025,3,16,10,25-Oct
SG3.16.3.1025,3,16,20,25-Oct
SG3.16.4.1025,3,16,21,25-Oct
SG3.16.5.1025,3,16,14,25-Oct
SG3.16.6.1025,3,16,18,25-Oct
SG3.24.1.1025,3,24,24,25-Oct
SG3.24.2.1025,3,24,25,25-Oct
SG3.24.3.1025,3,24,28,25-Oct
SG3.24.4.1025,3,24,29,25-Oct
SG3.24.5.1025,3,24,23,25-Oct
SG3.24.6.1025,3,24,25,25-Oct
SG4.0.1.1025,4,0,23,25-Oct
SG4.0.2.1025,4,0,13,25-Oct
SG4.0.3.1025,4,0,31,25-Oct
SG4.0.4.1025,4,0,28,25-Oct
SG4.0.5.1025,4,0,24,25-Oct
SG4.0.6.1025,4,0,24,25-Oct
SG4.8.1.1025,4,8,30,25-Oct
SG4.8.2.1025,4,8,31,25-Oct
SG4.8.3.1025,4,8,27,25-Oct
SG4.8.4.1025,4,8,10,25-Oct
SG4.8.5.1025,4,8,36,25-Oct
SG4.8.6.1025,4,8,24,25-Oct
SG4.16.1.1025,4,16,17,25-Oct
SG4.16.2.1025,4,16,16,25-Oct
SG4.16.3.1025,4,16,25,25-Oct
SG4.16.4.1025,4,16,12,25-Oct
SG4.16.5.1025,4,16,10,25-Oct
SG4.16.6.1025,4,16,9,25-Oct
SG4.24.1.1025,4,24,16,25-Oct
SG4.24.2.1025,4,24,10,25-Oct
SG4.24.3.1025,4,24,17,25-Oct
SG4.24.4.1025,4,24,31,25-Oct
SG4.24.5.1025,4,24,X,25-Oct
SG4.24.6.1025,4,24,X,25-Oct
SG5.0.1.1025,5,0,15,25-Oct
SG5.0.2.1025,5,0,27,25-Oct
SG5.0.3.1025,5,0,22,25-Oct
SG5.0.4.1025,5,0,32,25-Oct
SG5.0.5.1025,5,0,29,25-Oct
SG5.0.6.1025,5,0,25,25-Oct
SG5.8.1.1025,5,8,19,25-Oct
SG5.8.2.1025,5,8,X,25-Oct
SG5.8.3.1025,5,8,30,25-Oct
SG5.8.4.1025,5,8,37,25-Oct
SG5.8.5.1025,5,8,33,25-Oct
SG5.8.6.1025,5,8,34,25-Oct
SG5.16.1.1025,5,16,17,25-Oct
SG5.16.2.1025,5,16,13,25-Oct
SG5.16.3.1025,5,16,18,25-Oct
SG5.16.4.1025,5,16,11,25-Oct
SG5.16.5.1025,5,16,14,25-Oct
SG5.16.6.1025,5,16,17,25-Oct
SG5.24.1.1025,5,24,18,25-Oct
SG5.24.2.1025,5,24,12,25-Oct
SG5.24.3.1025,5,24,25,25-Oct
SG5.24.4.1025,5,24,12,25-Oct
SG5.24.5.1025,5,24,13,25-Oct
SG5.24.6.1025,5,24,11,25-Oct
SG6.0.1.1025,6,0,22,25-Oct
SG6.0.2.1025,6,0,22,25-Oct
SG6.0.3.1025,6,0,20,25-Oct
SG6.0.4.1025,6,0,24,25-Oct
SG6.0.5.1025,6,0,23,25-Oct
SG6.0.6.1025,6,0,20,25-Oct
SG6.8.1.1025,6,8,17,25-Oct
SG6.8.2.1025,6,8,31,25-Oct
SG6.8.3.1025,6,8,27,25-Oct
SG6.8.4.1025,6,8,25,25-Oct
SG6.8.5.1025,6,8,44,25-Oct
SG6.8.6.1025,6,8,29,25-Oct
SG6.16.1.1025,6,16,28,25-Oct
SG6.16.2.1025,6,16,17,25-Oct
SG6.16.3.1025,6,16,11,25-Oct
SG6.16.4.1025,6,16,17,25-Oct
SG6.16.5.1025,6,16,27,25-Oct
SG6.16.6.1025,6,16,32,25-Oct
SG6.24.1.1025,6,24,16,25-Oct
SG6.24.2.1025,6,24,18,25-Oct
SG6.24.3.1025,6,24,39,25-Oct
SG6.24.4.1025,6,24,31,25-Oct
SG6.24.5.1025,6,24,22,25-Oct
SG6.24.6.1025,6,24,5,25-Oct
,,,,
BM1.0.1.1028,1,0,14,28-Oct
BG1.0.2.1028,1,0,10,28-Oct
BM1.0.3.1028,1,0,26,28-Oct
BM1.0.4.1028,1,0,11,28-Oct
BM1.0.5.1028,1,0,22,28-Oct
BM1.0.6.1028,1,0,15,28-Oct
BM1.8.1.1028,1,8,12,28-Oct
BM1.8.2.1028,1,8,11,28-Oct
BM1.8.3.1028,1,8,16,28-Oct
BM1.8.4.1028,1,8,16,28-Oct
BM1.8.5.1028,1,8,17,28-Oct
BM1.8.6.1028,1,8,10,28-Oct
BM1.16.1.1028,1,16,11,28-Oct
BM1.16.2.1028,1,16,14,28-Oct
BM1.16.3.1028,1,16,15,28-Oct
BM1.16.4.1028,1,16,14,28-Oct
BM1.16.5.1028,1,16,10,28-Oct
BM1.16.6.1028,1,16,18,28-Oct
BM1.24.1.1028,1,24,18,28-Oct
BM1.24.2.1028,1,24,18,28-Oct
BM1.24.3.1028,1,24,13,28-Oct
BM1.24.4.1028,1,24,19,28-Oct
BM1.24.5.1028,1,24,21,28-Oct
BM1.24.6.1028,1,24,18,28-Oct
BM2.0.1.1028,2,0,31,28-Oct
BM2.0.2.1028,2,0,31,28-Oct
BM2.0.3.1028,2,0,34,28-Oct
BM2.0.4.1028,2,0,25,28-Oct
BM2.0.5.1028,2,0,12,28-Oct
BM2.0.6.1028,2,0,12,28-Oct
BM2.8.1.1028,2,8,26,28-Oct
BM2.8.2.1028,2,8,25,28-Oct
BM2.8.3.1028,2,8,27,28-Oct
BM2.8.4.1028,2,8,28,28-Oct
BM2.8.5.1028,2,8,29,28-Oct
BM2.8.6.1028,2,8,19,28-Oct
BM2.16.1.1028,2,16,19,28-Oct
BM2.16.2.1028,2,16,20,28-Oct
BM2.16.3.1028,2,16,38,28-Oct
BM2.16.4.1028,2,16,18,28-Oct
BM2.16.5.1028,2,16,24,28-Oct
BM2.16.6.1028,2,16,30,28-Oct
BM2.24.1.1028,2,24,22,28-Oct
BM2.24.2.1028,2,24,26,28-Oct
BM2.24.3.1028,2,24,19,28-Oct
BM2.24.4.1028,2,24,27,28-Oct
BM2.24.5.1028,2,24,31,28-Oct
BM2.24.6.1028,2,24,20,28-Oct
BM3.0.1.1028,3,0,11,28-Oct
BM3.0.2.1028,3,0,24,28-Oct
BM3.0.3.1028,3,0,23,28-Oct
BM3.0.4.1028,3,0,26,28-Oct
BM3.0.5.1028,3,0,18,28-Oct
BM3.0.6.1028,3,0,17,28-Oct
BM3.8.1.1028,3,8,31,28-Oct
BM3.8.2.1028,3,8,14,28-Oct
BM3.8.3.1028,3,8,22,28-Oct
BM3.8.4.1028,3,8,26,28-Oct
BM3.8.5.1028,3,8,29,28-Oct
BM3.8.6.1028,3,8,20,28-Oct
BM3.16.1.1028,3,16,18,28-Oct
BM3.16.2.1028,3,16,24,28-Oct
BM3.16.3.1028,3,16,18,28-Oct
BM3.16.4.1028,3,16,24,28-Oct
BM3.16.5.1028,3,16,19,28-Oct
BM3.16.6.1028,3,16,28,28-Oct
BM3.24.1.1028,3,24,20,28-Oct
BM3.24.2.1028,3,24,22,28-Oct
BM3.24.3.1028,3,24,18,28-Oct
BM3.24.4.1028,3,24,26,28-Oct
BM3.24.5.1028,3,24,25,28-Oct
BM3.24.6.1028,3,24,28,28-Oct
BM4.0.1.1028,4,0,24,28-Oct
BM4.0.2.1028,4,0,18,28-Oct
BM4.0.3.1028,4,0,24,28-Oct
BM4.0.4.1028,4,0,22,28-Oct
BM4.0.5.1028,4,0,27,28-Oct
BM4.0.6.1028,4,0,20,28-Oct
BM4.8.1.1028,4,8,16,28-Oct
BM4.8.2.1028,4,8,18,28-Oct
BM4.8.3.1028,4,8,15,28-Oct
BM4.8.4.1028,4,8,22,28-Oct
BM4.8.5.1028,4,8,21,28-Oct
BM4.8.6.1028,4,8,23,28-Oct
BM4.16.1.1028,4,16,15,28-Oct
BM4.16.2.1028,4,16,34,28-Oct
BM4.16.3.1028,4,16,35,28-Oct
BM4.16.4.1028,4,16,20,28-Oct
BM4.16.5.1028,4,16,21,28-Oct
BM4.16.6.1028,4,16,19,28-Oct
BM4.24.1.1028,4,24,15,28-Oct
BM4.24.2.1028,4,24,16,28-Oct
BM4.24.3.1028,4,24,43,28-Oct
BM4.24.4.1028,4,24,19,28-Oct
BM4.24.5.1028,4,24,12,28-Oct
BM4.24.6.1028,4,24,9,28-Oct
BM5.0.1.1028,5,0,22,28-Oct
BM5.0.2.1028,5,0,30,28-Oct
BM5.0.3.1028,5,0,36,28-Oct
BM5.0.4.1028,5,0,29,28-Oct
BM5.0.5.1028,5,0,26,28-Oct
BM5.0.6.1028,5,0,23,28-Oct
BM5.8.1.1028,5,8,18,28-Oct
BM5.8.2.1028,5,8,29,28-Oct
BM5.8.3.1028,5,8,27,28-Oct
BM5.8.4.1028,5,8,47,28-Oct
BM5.8.5.1028,5,8,26,28-Oct
BM5.8.6.1028,5,8,22,28-Oct
BM5.16.1.1028,5,16,20,28-Oct
BM5.16.2.1028,5,16,23,28-Oct
BM5.16.3.1028,5,16,27,28-Oct
BM5.16.4.1028,5,16,25,28-Oct
BM5.16.5.1028,5,16,21,28-Oct
BM5.16.6.1028,5,16,27,28-Oct
BM5.24.1.1028,5,24,21,28-Oct
BM5.24.2.1028,5,24,29,28-Oct
BM5.24.3.1028,5,24,38,28-Oct
BM5.24.4.1028,5,24,29,28-Oct
BM5.24.5.1028,5,24,24,28-Oct
BM5.24.6.1028,5,24,26,28-Oct
BM6.0.1.1028,6,0,23,28-Oct
BM6.0.2.1028,6,0,21,28-Oct
BM6.0.3.1028,6,0,27,28-Oct
BM6.0.4.1028,6,0,30,28-Oct
BM6.0.5.1028,6,0,34,28-Oct
BM6.0.6.1028,6,0,39,28-Oct
BM6.8.1.1028,6,8,32,28-Oct
BM6.8.2.1028,6,8,18,28-Oct
BM6.8.3.1028,6,8,24,28-Oct
BM6.8.4.1028,6,8,16,28-Oct
BM6.8.5.1028,6,8,23,28-Oct
BM6.8.6.1028,6,8,16,28-Oct
BM6.16.1.1028,6,16,18,28-Oct
BM6.16.2.1028,6,16,19,28-Oct
BM6.16.3.1028,6,16,16,28-Oct
BM6.16.4.1028,6,16,19,28-Oct
BM6.16.5.1028,6,16,25,28-Oct
BM6.16.6.1028,6,16,17,28-Oct
BM6.24.1.1028,6,24,27,28-Oct
BM6.24.2.1028,6,24,22,28-Oct
BM6.24.3.1028,6,24,10,28-Oct
BM6.24.4.1028,6,24,16,28-Oct
BM6.24.5.1028,6,24,21,28-Oct
BM6.24.6.1028,6,24,20,28-Oct
,,,,
,,,,
LB1.0.1.1018,1,0,7,18-Oct
LB1.0.2.1018,1,0,9,18-Oct
LB1.0.3.1018,1,0,8,18-Oct
LB1.0.4.1018,1,0,17,18-Oct
LB1.0.5.1018,1,0,18,18-Oct
LB1.0.6.1018,1,0,10,18-Oct
LB1.8.1.1018,1,8,7,18-Oct
LB1.8.2.1018,1,8,4,18-Oct
LB1.8.3.1018,1,8,4,18-Oct
LB1.8.4.1018,1,8,6,18-Oct
LB1.8.5.1018,1,8,7,18-Oct
LB1.8.6.1018,1,8,5,18-Oct
LB1.16.1.1018,1,16,7,18-Oct
LB1.16.2.1018,1,16,5,18-Oct
LB1.16.3.1018,1,16,9,18-Oct
LB1.16.4.1018,1,16,7,18-Oct
LB1.16.5.1018,1,16,7,18-Oct
LB1.16.6.1018,1,16,7,18-Oct
LB1.24.1.1018,1,24,8,18-Oct
LB1.24.2.1018,1,24,8,18-Oct
LB1.24.3.1018,1,24,5,18-Oct
LB1.24.4.1018,1,24,8,18-Oct
BL1.24.5.1018,1,24,4,18-Oct
LB1.24.6.1018,1,24,9,18-Oct
LB2.0.1.1018,2,0,5,18-Oct
LB2.0.2.1018,2,0,5,18-Oct
LB2.0.3.1018,2,0,6,18-Oct
LB2.0.4.1018,2,0,5,18-Oct
LB2.0.5.1018,2,0,4,18-Oct
LB2.0.6.1018,2,0,6,18-Oct
LB2.8.1.1018,2,8,8,18-Oct
LB2.8.2.1018,2,8,11,18-Oct
LB2.8.3.1018,2,8,4,18-Oct
LB2.8.4.1018,2,8,7,18-Oct
LB2.8.5.1018,2,8,6,18-Oct
LB2.8.6.1018,2,8,6,18-Oct
LB2.16.1.1018,2,16,4,18-Oct
LB2.16.2.1018,2,16,16,18-Oct
LB2.16.3.1018,2,16,7,18-Oct
LB2.16.4.1018,2,16,5,18-Oct
LB2.16.5.1018,2,16,5,18-Oct
LB2.16.6.1018,2,16,7,18-Oct
LB2.24.1.1018,2,24,4,18-Oct
LB2.24.2.1018,2,24,7,18-Oct
LB2.24.3.1018,2,24,4,18-Oct
LB2.24.4.1018,2,24,6,18-Oct
LB2.24.5.1018,2,24,20,18-Oct
LB2.24.6.1018,2,24,6,18-Oct
LB3.0.1.1018,3,0,7,18-Oct
LB3.0.2.1018,3,0,8,18-Oct
LB3.0.3.1018,3,0,7,18-Oct
LB3.0.4.1018,3,0,6,18-Oct
LB3.0.5.1018,3,0,6,18-Oct
LB3.0.6.1018,3,0,5,18-Oct
LB3.8.1.1018,3,8,7,18-Oct
LB3.8.2.1018,3,8,7,18-Oct
LB3.8.3.1018,3,8,7,18-Oct
LB3.8.4.1018,3,8,7,18-Oct
LB3.8.5.1018,3,8,6,18-Oct
LB3.8.6.1018,3,8,7,18-Oct
LB3.16.1.1018,3,16,7,18-Oct
LB3.16.2.1018,3,16,6,18-Oct
LB3.16.3.1018,3,16,5,18-Oct
LB3.16.4.1018,3,16,7,18-Oct
LB3.16.5.1018,3,16,6,18-Oct
LB3.16.6.1018,3,16,5,18-Oct
LB3.24.1.1018,3,24,18,18-Oct
LB3.24.2.1018,3,24,13,18-Oct
LB3.24.3.1018,3,24,6,18-Oct
LB3.24.4.1018,3,24,6,18-Oct
LB3.24.5.1018,3,24,6,18-Oct
LB3.24.6.1018,3,24,13,18-Oct
LB4.0.1.1018,4,0,6,18-Oct
LB4.0.2.1018,4,0,3,18-Oct
LB4.0.3.1018,4,0,7,18-Oct
LB4.0.4.1018,4,0,20,18-Oct
LB4.0.5.1018,4,0,5,18-Oct
LB4.0.6.1018,4,0,6,18-Oct
LB4.8.1.1018,4,8,6,18-Oct
LB4.8.2.1018,4,8,8,18-Oct
LB4.8.3.1018,4,8,12,18-Oct
LB4.8.4.1018,4,8,16,18-Oct
LB4.8.5.1018,4,8,6,18-Oct
LB4.8.6.1018,4,8,5,18-Oct
LB4.16.1.1018,4,16,3,18-Oct
LB4.16.2.1018,4,16,3,18-Oct
LB4.16.3.1018,4,16,5,18-Oct
LB4.16.4.1018,4,16,6,18-Oct
LB4.16.5.1018,4,16,6,18-Oct
LB4.16.6.1018,4,16,5,18-Oct
LB4.24.1.1018,4,24,8,18-Oct
LB4.24.2.1018,4,24,13,18-Oct
LB4.24.3.1018,4,24,10,18-Oct
LB4.24.4.1018,4,24,X,18-Oct
LB4.24.5.1018,4,24,7,18-Oct
LB4.24.6.1018,4,24,13,18-Oct
LB5.0.1.1018,5,0,6,18-Oct
LB5.0.2.1018,5,0,7,18-Oct
LB5.0.3.1018,5,0,7,18-Oct
LB5.0.4.1018,5,0,7,18-Oct
LB5.0.5.1018,5,0,6,18-Oct
LB5.0.6.1018,5,0,6,18-Oct
LB5.8.1.1018,5,8,8,18-Oct
LB5.8.2.1018,5,8,6,18-Oct
LB5.8.3.1018,5,8,5,18-Oct
LB5.8.4.1018,5,8,6,18-Oct
LB5.8.5.1018,5,8,6,18-Oct
LB5.8.6.1018,5,8,6,18-Oct
LB5.16.1.1018,5,16,5,18-Oct
LB5.16.2.1018,5,16,5,18-Oct
LB5.16.3.1018,5,16,5,18-Oct
LB5.16.4.1018,5,16,3,18-Oct
LB5.16.5.1018,5,16,5,18-Oct
LB5.16.6.1018,5,16,6,18-Oct
LB5.24.1.1018,5,24,4,18-Oct
LB5.24.2.1018,5,24,6,18-Oct
LB5.24.3.1018,5,24,7,18-Oct
LB5.24.4.1018,5,24,8,18-Oct
LB5.24.5.1018,5,24,7,18-Oct
LB5.24.6.1018,5,24,20,18-Oct
LB6.0.1.1018,6,0,6,18-Oct
LB6.0.2.1018,6,0,5,18-Oct
LB6.0.3.1018,6,0,6,18-Oct
LB6.0.4.1018,6,0,6,18-Oct
LB6.0.5.1018,6,0,6,18-Oct
LB6.0.6.1018,6,0,5,18-Oct
LB6.8.1.1018,6,8,22,18-Oct
LB6.8.2.1018,6,8,6,18-Oct
LB6.8.3.1018,6,8,10,18-Oct
LB6.8.4.1018,6,8,8,18-Oct
LB6.8.5.1018,6,8,7,18-Oct
LB6.8.6.1018,6,8,6,18-Oct
LB6.16.1.1018,6,16,7,18-Oct
LB6.16.2.1018,6,16,7,18-Oct
LB6.16.3.1018,6,16,7,18-Oct
LB6.16.4.1018,6,16,6,18-Oct
LB6.16.5.1018,6,16,9,18-Oct
LB6.16.6.1018,6,16,4,18-Oct
LB6.24.1.1018,6,24,8,18-Oct
LB6.24.2.1018,6,24,5,18-Oct
LB6.24.3.1018,6,24,5,18-Oct
LB6.24.4.1018,6,24,2,18-Oct
LB6.24.5.1018,6,24,7,18-Oct
LB6.24.6.1018,6,24,9,18-Oct
,,,,
BG1.0.1.1018,1,0,36,18-Oct
BG1.0.2.1018,1,0,24,18-Oct
BG1.0.3.1018,1,0,25,18-Oct
BG1.0.4.1018,1,0,18,18-Oct
BG1.0.5.1018,1,0,24,18-Oct
BG1.0.6.1018,1,0,20,18-Oct
BG1.8.1.1018,1,8,25,18-Oct
BG1.8.2.1018,1,8,25,18-Oct
BG1.8.3.1018,1,8,17,18-Oct
BG1.8.4.1018,1,8,27,18-Oct
BG1.8.5.1018,1,8,30,18-Oct
BG1.8.6.1018,1,8,21,18-Oct
BG1.16.1.1018,1,16,21,18-Oct
BG1.16.2.1018,1,16,12,18-Oct
BG1.16.3.1018,1,16,22,18-Oct
BG1.16.4.1018,1,16,23,18-Oct
BG1.16.5.1018,1,16,28,18-Oct
BG1.16.6.1018,1,16,X,18-Oct
BG1.24.1.1018,1,24,11,18-Oct
BG1.24.2.1018,1,24,20,18-Oct
BG1.24.3.1018,1,24,12,18-Oct
BG1.24.4.1018,1,24,9,18-Oct
BG1.24.5.1018,1,24,24,18-Oct
BG1.24.6.1018,1,24,15,18-Oct
BG2.0.1.1018,2,0,36,18-Oct
BG2.0.2.1018,2,0,24,18-Oct
BG2.0.3.1018,2,0,25,18-Oct
BG2.0.4.1018,2,0,18,18-Oct
BG2.0.5.1018,2,0,20,18-Oct
BG2.0.6.1018,2,0,24,18-Oct
BG2.8.1.1018,2,8,25,18-Oct
BG2.8.2.1018,2,8,25,18-Oct
BG2.8.3.1018,2,8,17,18-Oct
BG2.8.4.1018,2,8,27,18-Oct
BG2.8.5.1018,2,8,30,18-Oct
BG2.8.6.1018,2,8,21,18-Oct
BG2.16.1.1018,2,16,21,18-Oct
BG2.16.2.1018,2,16,12,18-Oct
BG2.16.3.1018,2,16,22,18-Oct
BG2.16.4.1018,2,16,23,18-Oct
BG2.16.5.1018,2,16,28,18-Oct
BG2.16.6.1018,2,16,X,18-Oct
BG2.24.1.1018,2,24,11,18-Oct
BG2.24.2.1018,2,24,20,18-Oct
BG2.24.3.1018,2,24,9,18-Oct
BG2.24.4.1018,2,24,12,18-Oct
BG2.24.5.1018,2,24,24,18-Oct
BG2.24.6.1018,2,24,15,18-Oct
BG3.0.1.1018,3,0,8,18-Oct
BG3.0.2.1018,3,0,15,18-Oct
BG3.0.3.1018,3,0,11,18-Oct
BG3.0.4.1018,3,0,15,18-Oct
BG3.0.5.1018,3,0,14,18-Oct
BG3.0.6.1018,3,0,14,18-Oct
BG3.8.1.1018,3,8,21,18-Oct
BG3.8.2.1018,3,8,12,18-Oct
BG3.8.3.1018,3,8,21,18-Oct
BG3.8.4.1018,3,8,22,18-Oct
BG3.8.5.1018,3,8,26,18-Oct
BG3.8.6.1018,3,8,18,18-Oct
BG3.16.1.1018,3,16,30,18-Oct
BG3.16.2.1018,3,16,24,18-Oct
BG3.16.3.1018,3,16,14,18-Oct
BG3.16.4.1018,3,16,15,18-Oct
BG3.16.5.1018,3,16,22,18-Oct
BG3.16.6.1018,3,16,16,18-Oct
BG3.24.1.1018,3,24,12,18-Oct
BG3.24.2.1018,3,24,X,18-Oct
BG3.24.3.1018,3,24,21,18-Oct
BG3.24.4.1018,3,24,22,18-Oct
BG3.24.5.1018,3,24,13,18-Oct
BG3.24.6.1018,3,24,X,18-Oct
BG4.0.1.1018,4,0,9,18-Oct
BG4.0.2.1018,4,0,23,18-Oct
BG4.0.3.1018,4,0,27,18-Oct
BG4.0.4.1018,4,0,20,18-Oct
BG4.0.5.1018,4,0,34,18-Oct
BG4.0.6.1018,4,0,29,18-Oct
BG4.8.1.1018,4,8,11,18-Oct
BG4.8.2.1018,4,8,17,18-Oct
BG4.8.3.1018,4,8,27,18-Oct
BG4.8.4.1018,4,8,18,18-Oct
BG4.8.5.1018,4,8,18,18-Oct
BG4.8.6.1018,4,8,22,18-Oct
BG4.16.1.1018,4,16,7,18-Oct
BG4.16.2.1018,4,16,9,18-Oct
BG4.16.3.1018,4,16,7,18-Oct
BG4.16.4.1018,4,16,18,18-Oct
BG4.16.5.1018,4,16,21,18-Oct
BG4.16.6.1018,4,16,10,18-Oct
BG4.24.1.1018,4,24,6,18-Oct
BG4.24.2.1018,4,24,9,18-Oct
BG4.24.3.1018,4,24,11,18-Oct
BG4.24.4.1018,4,24,22,18-Oct
BG4.24.5.1018,4,24,10,18-Oct
BG4.24.6.1018,4,24,X,18-Oct
BG5.0.1.1018,5,0,35,18-Oct
BG5.0.2.1018,5,0,25,18-Oct
BG5.0.3.1018,5,0,30,18-Oct
BG5.0.4.1018,5,0,31,18-Oct
BG5.0.5.1018,5,0,36,18-Oct
BG5.0.6.1018,5,0,25,18-Oct
BG5.8.1.1018,5,8,18,18-Oct
BG5.8.2.1018,5,8,19,18-Oct
BG5.8.3.1018,5,8,17,18-Oct
BG5.8.4.1018,5,8,22,18-Oct
BG5.8.5.1018,5,8,15,18-Oct
BG5.8.6.1018,5,8,20,18-Oct
BG5.16.1.1018,5,16,6,18-Oct
BG5.16.2.1018,5,16,19,18-Oct
BG5.16.3.1018,5,16,23,18-Oct
BG5.16.4.1018,5,16,27,18-Oct
BG5.16.5.1018,5,16,29,18-Oct
BG5.16.6.1018,5,16,18,18-Oct
BG5.24.1.1018,5,24,9,18-Oct
BG5.24.2.1018,5,24,10,18-Oct
BG5.24.3.1018,5,24,22,18-Oct
BG5.24.4.1018,5,24,10,18-Oct
BG5.24.5.1018,5,24,17,18-Oct
BG5.24.6.1018,5,24,14,18-Oct
BG6.0.1.1018,6,0,22,18-Oct
BG6.0.2.1018,6,0,22,18-Oct
BG6.0.3.1018,6,0,12,18-Oct
BG6.0.4.1018,6,0,31,18-Oct
BG6.0.5.1018,6,0,18,18-Oct
BG6.0.6.1018,6,0,20,18-Oct
BG6.8.1.1018,6,8,13,18-Oct
BG6.8.2.1018,6,8,16,18-Oct
BG6.8.3.1018,6,8,20,18-Oct
BG6.8.4.1018,6,8,18,18-Oct
BG6.8.5.1018,6,8,17,18-Oct
BG6.8.6.1018,6,8,15,18-Oct
BG6.16.1.1018,6,16,17,18-Oct
BG6.16.2.1018,6,16,28,18-Oct
BG6.16.3.1018,6,16,15,18-Oct
BG6.16.4.1018,6,16,8,18-Oct
BG6.16.5.1018,6,16,18,18-Oct
BG6.16.6.1018,6,16,11,18-Oct
BG6.24.1.1018,6,24,24,18-Oct
BG6.24.2.1018,6,24,12,18-Oct
BG6.24.3.1018,6,24,X,18-Oct
BG6.24.4.1018,6,24,5,18-Oct
BG6.24.5.1018,6,24,15,18-Oct
BG6.24.6.1018,6,24,11,18-Oct
,,,,
SG1.0.1.1018,1,0,13,18-Oct
SG1.0.2.1018,1,0,14,18-Oct
SG1.0.3.1018,1,0,21,18-Oct
SG1.0.4.1018,1,0,17,18-Oct
SG1.0.5.1018,1,0,30,18-Oct
SG1.0.6.1018,1,0,22,18-Oct
SG1.8.1.1018,1,8,19,18-Oct
SG1.8.2.1018,1,8,13,18-Oct
SG1.8.3.1018,1,8,18,18-Oct
SG1.8.4.1018,1,8,16,18-Oct
SG1.8.5.1018,1,8,32,18-Oct
SG1.8.6.1018,1,8,13,18-Oct
SG1.16.1.1018,1,16,31,18-Oct
SG1.16.2.1018,1,16,21,18-Oct
SG1.16.3.1018,1,16,19,18-Oct
SG1.16.4.1018,1,16,34,18-Oct
SG1.16.5.1018,1,16,21,18-Oct
SG1.16.6.1018,1,16,10,18-Oct
SG1.24.1.1018,1,24,25,18-Oct
SG1.24.2.1018,1,24,23,18-Oct
SG1.24.3.1018,1,24,25,18-Oct
SG1.24.4.1018,1,24,12,18-Oct
SG1.24.5.1018,1,24,29,18-Oct
SG1.24.6.1018,1,24,27,18-Oct
SG2.0.1.1018,2,0,18,18-Oct
SG2.0.2.1018,2,0,23,18-Oct
SG2.0.3.1018,2,0,17,18-Oct
SG2.0.4.1018,2,0,11,18-Oct
SG2.0.5.1018,2,0,24,18-Oct
SG2.0.6.1018,2,0,25,18-Oct
SG2.8.1.1018,2,8,21,18-Oct
SG2.8.2.1018,2,8,16,18-Oct
SG2.8.3.1018,2,8,11,18-Oct
SG2.8.4.1018,2,8,13,18-Oct
SG2.8.5.1018,2,8,26,18-Oct
SG2.8.6.1018,2,8,21,18-Oct
SG2.16.1.1018,2,16,21,18-Oct
SG2.16.2.1018,2,16,24,18-Oct
SG2.16.3.1018,2,16,30,18-Oct
SG2.16.4.1018,2,16,29,18-Oct
SG2.16.5.1018,2,16,22,18-Oct
SG2.16.6.1018,2,16,24,18-Oct
SG2.24.1.1018,2,24,20,18-Oct
SG2.24.2.1018,2,24,19,18-Oct
SG2.24.3.1018,2,24,17,18-Oct
SG2.24.4.1018,2,24,27,18-Oct
SG2.24.5.1018,2,24,18,18-Oct
SG2.24.6.1018,2,24,32,18-Oct
SG3.0.1.1018,3,0,17,18-Oct
SG3.0.2.1018,3,0,18,18-Oct
SG3.0.3.1018,3,0,32,18-Oct
SG3.0.4.1018,3,0,30,18-Oct
SG3.0.5.1018,3,0,16,18-Oct
SG3.0.6.1018,3,0,26,18-Oct
SG3.8.1.1018,3,8,16,18-Oct
SG3.8.2.1018,3,8,26,18-Oct
SG3.8.3.1018,3,8,27,18-Oct
SG3.8.4.1018,3,8,24,18-Oct
SG3.8.5.1018,3,8,25,18-Oct
SG3.8.6.1018,3,8,28,18-Oct
SG3.16.1.1018,3,16,18,18-Oct
SG3.16.2.1018,3,16,12,18-Oct
SG3.16.3.1018,3,16,13,18-Oct
SG3.16.4.1018,3,16,17,18-Oct
SG3.16.5.1018,3,16,13,18-Oct
SG3.16.6.1018,3,16,16,18-Oct
SG3.24.1.1018,3,24,16,18-Oct
SG3.24.2.1018,3,24,11,18-Oct
SG3.24.3.1018,3,24,13,18-Oct
SG3.24.4.1018,3,24,17,18-Oct
SG3.24.5.1018,3,24,13,18-Oct
SG3.24.6.1018,3,24,16,18-Oct
SG4.0.1.1018,4,0,23,18-Oct
SG4.0.2.1018,4,0,12,18-Oct
SG4.0.3.1018,4,0,31,18-Oct
SG4.0.4.1018,4,0,24,18-Oct
SG4.0.5.1018,4,0,25,18-Oct
SG4.0.6.1018,4,0,19,18-Oct
SG4.8.1.1018,4,8,26,18-Oct
SG4.8.2.1018,4,8,26,18-Oct
SG4.8.3.1018,4,8,22,18-Oct
SG4.8.4.1018,4,8,8,18-Oct
SG4.8.5.1018,4,8,30,18-Oct
SG4.8.6.1018,4,8,20,18-Oct
SG4.16.1.1018,4,16,13,18-Oct
SG4.16.2.1018,4,16,15,18-Oct
SG4.16.3.1018,4,16,24,18-Oct
SG4.16.4.1018,4,16,10,18-Oct
SG4.16.5.1018,4,16,10,18-Oct
SG4.16.6.1018,4,16,9,18-Oct
SG4.24.1.1018,4,24,16,18-Oct
SG4.24.2.1018,4,24,9,18-Oct
SG4.24.3.1018,4,24,15,18-Oct
SG4.24.4.1018,4,24,29,18-Oct
SG4.24.5.1018,4,24,12,18-Oct
SG4.24.6.1018,4,24,12,18-Oct
SG5.0.1.1018,5,0,14,18-Oct
SG5.0.2.1018,5,0,24,18-Oct
SG5.0.3.1018,5,0,19,18-Oct
SG5.0.4.1018,5,0,29,18-Oct
SG5.0.5.1018,5,0,26,18-Oct
SG5.0.6.1018,5,0,24,18-Oct
SG5.8.1.1018,5,8,19,18-Oct
SG5.8.2.1018,5,8,X,18-Oct
SG5.8.3.1018,5,8,27,18-Oct
SG5.8.4.1018,5,8,31,18-Oct
SG5.8.5.1018,5,8,28,18-Oct
SG5.8.6.1018,5,8,29,18-Oct
SG5.16.1.1018,5,16,17,18-Oct
SG5.16.2.1018,5,16,12,18-Oct
SG5.16.3.1018,5,16,16,18-Oct
SG5.16.4.1018,5,16,10,18-Oct
SG5.16.5.1018,5,16,15,18-Oct
SG5.16.6.1018,5,16,15,18-Oct
SG5.24.1.1018,5,24,19,18-Oct
SG5.24.2.1018,5,24,12,18-Oct
SG5.24.3.1018,5,24,24,18-Oct
SG5.24.4.1018,5,24,12,18-Oct
SG5.24.5.1018,5,24,10,18-Oct
SG5.24.6.1018,5,24,13,18-Oct
SG6.0.1.1018,6,0,22,18-Oct
SG6.0.2.1018,6,0,20,18-Oct
SG6.0.3.1018,6,0,20,18-Oct
SG6.0.4.1018,6,0,21,18-Oct
SG6.0.5.1018,6,0,19,18-Oct
SG6.0.6.1018,6,0,20,18-Oct
SG6.8.1.1018,6,8,16,18-Oct
SG6.8.2.1018,6,8,28,18-Oct
SG6.8.3.1018,6,8,20,18-Oct
SG6.8.4.1018,6,8,23,18-Oct
SG6.8.5.1018,6,8,38,18-Oct
SG6.8.6.1018,6,8,24,18-Oct
SG6.16.1.1018,6,16,26,18-Oct
SG6.16.2.1018,6,16,17,18-Oct
SG6.16.3.1018,6,16,11,18-Oct
SG6.16.4.1018,6,16,17,18-Oct
SG6.16.5.1018,6,16,22,18-Oct
SG6.16.6.1018,6,16,22,18-Oct
SG6.24.1.1018,6,24,16,18-Oct
SG6.24.2.1018,6,24,17,18-Oct
SG6.24.3.1018,6,24,35,18-Oct
SG6.24.4.1018,6,24,28,18-Oct
SG6.24.5.1018,6,24,20,18-Oct
SG6.24.6.1018,6,24,6,18-Oct
,,,,
BM1.0.1.1021,1,0,7,21-Oct
BM1.0.2.1021,1,0,6,21-Oct
BM1.0.3.1021,1,0,16,21-Oct
BM1.0.4.1021,1,0,5,21-Oct
BM1.0.5.1021,1,0,13,21-Oct
BM1.0.6.1021,1,0,7,21-Oct
BM1.8.1.1021,1,8,5,21-Oct
BM1.8.2.1021,1,8,7,21-Oct
BM1.8.3.1021,1,8,10,21-Oct
BM1.8.4.1021,1,8,9,21-Oct
BM1.8.5.1021,1,8,11,21-Oct
BM1.8.6.1021,1,8,5,21-Oct
BM1.16.1.1021,1,16,5,21-Oct
BM1.16.2.1021,1,16,8,21-Oct
BM1.16.3.1021,1,16,9,21-Oct
BM1.16.4.1021,1,16,7,21-Oct
BM1.16.5.1021,1,16,10,21-Oct
BM1.16.6.1021,1,16,5,21-Oct
BM1.16.6.1021,1,24,13,21-Oct
BM1.24.2.1021,1,24,12,21-Oct
BM1.24.3.1021,1,24,9,21-Oct
BM1.24.4.1021,1,24,14,21-Oct
BM1.24.5.1021,1,24,13,21-Oct
BM1.24.6.1021,1,24,13,21-Oct
BM2.0.1.1021,2,0,21,21-Oct
BM2.0.2.1021,2,0,16,21-Oct
BM2.0.3.1021,2,0,21,21-Oct
BM2.0.4.1021,2,0,14,21-Oct
BM2.0.5.1021,2,0,5,21-Oct
BM2.0.6.1021,2,0,6,21-Oct
BM2.8.1.1021,2,8,15,21-Oct
BM2.8.1.1021,2,8,13,21-Oct
BM2.8.3.1021,2,8,16,21-Oct
BM2.8.4.1021,2,8,16,21-Oct
BM2.8.5.1021,2,8,21,21-Oct
BM2.8.6.1021,2,8,11,21-Oct
BM2.16.1.1021,2,16,12,21-Oct
BM2.16.2.1021,2,16,14,21-Oct
BM2.16.3.1021,2,16,31,21-Oct
BM2.16.4.1021,2,16,18,21-Oct
BM2.16.5.1021,2,16,16,21-Oct
BM2.16.6.1021,2,16,14,21-Oct
BM2.24.1.1021,2,24,10,21-Oct
BM2.24.2.1021,2,24,17,21-Oct
BM2.24.3.1021,2,24,11,21-Oct
BM2.24.4.1021,2,24,16,21-Oct
BM2.24.5.1021,2,24,19,21-Oct
BM2.24.6.1021,2,24,11,21-Oct
BM3.0.1.1021,3,0,6,21-Oct
BM3.0.2.1021,3,0,16,21-Oct
BM3.0.3.1021,3,0,13,21-Oct
BM3.0.4.1021,3,0,14,21-Oct
BM3.0.5.1021,3,0,11,21-Oct
BM3.0.6.1021,3,0,12,21-Oct
BM3.8.1.1021,3,8,19,21-Oct
BM3.8.2.1021,3,8,7,21-Oct
BM3.8.3.1021,3,8,14,21-Oct
BM3.8.4.1021,3,8,20,21-Oct
BM3.8.5.1021,3,8,18,21-Oct
BM3.8.6.1021,3,8,11,21-Oct
BM3.16.1.1021,3,16,11,21-Oct
BM3.16.2.1021,3,16,14,21-Oct
BM3.16.3.1021,3,16,8,21-Oct
BM3.16.4.1021,3,16,15,21-Oct
BM3.16.5.1021,3,16,12,21-Oct
BM3.16.6.1021,3,16,18,21-Oct
BM3.24.1.1021,3,24,11,21-Oct
BM3.24.2.1021,3,24,12,21-Oct
BM3.24.3.1021,3,24,12,21-Oct
BM3.24.4.1021,3,24,19,21-Oct
BM3.24.5.1021,3,24,16,21-Oct
BM3.24.6.1021,3,24,19,21-Oct
BM4.0.1.1021,4,0,13,21-Oct
BM4.0.2.1021,4,0,10,21-Oct
BM4.0.3.1021,4,0,14,21-Oct
BM4.0.4.1021,4,0,13,21-Oct
BM4.0.5.1021,4,0,17,21-Oct
BM4.0.6.1021,4,0,11,21-Oct
BM4.8.1.1021,4,8,10,21-Oct
BM4.8.2.1021,4,8,12,21-Oct
BM4.8.3.1021,4,8,10,21-Oct
BM4.8.4.1021,4,8,13,21-Oct
BM4.8.5.1021,4,8,12,21-Oct
BM4.8.6.1021,4,8,14,21-Oct
BM4.16.1.1021,4,16,8,21-Oct
BM4.16.2.1021,4,16,22,21-Oct
BM4.16.3.1021,4,16,22,21-Oct
BM4.16.4.1021,4,16,13,21-Oct
BM4.16.5.1021,4,16,12,21-Oct
BM4.16.6.1021,4,16,12,21-Oct
BM4.24.1.1021,4,24,9,21-Oct
BM4.24.2.1021,4,24,9,21-Oct
BM4.24.3.1021,4,24,24,21-Oct
BM4.24.4.1021,4,24,11,21-Oct
BM4.24.5.1021,4,24,6,21-Oct
BM4.24.6.1021,4,24,6,21-Oct
BM5.0.1.1021,5,0,17,21-Oct
BM5.0.2.1021,5,0,17,21-Oct
BM5.0.3.1021,5,0,21,21-Oct
BM5.0.4.1021,5,0,18,21-Oct
BM5.0.5.1021,5,0,14,21-Oct
BM5.0.6.1021,5,0,13,21-Oct
BM5.8.1.1021,5,8,13,21-Oct
BM5.8.2.1021,5,8,20,21-Oct
BM5.8.3.1021,5,8,17,21-Oct
BM5.8.4.1021,5,8,38,21-Oct
BM5.8.5.1021,5,8,16,21-Oct
BM5.8.6.1021,5,8,13,21-Oct
BM5.16.1.1021,5,16,11,21-Oct
BM5.16.2.1021,5,16,14,21-Oct
BM5.16.3.1021,5,16,16,21-Oct
BM5.16.4.1021,5,16,15,21-Oct
BM5.16.5.1021,5,16,13,21-Oct
BM5.16.6.1021,5,16,18,21-Oct
BM5.24.1.1021,5,24,13,21-Oct
BM5.24.2.1021,5,24,17,21-Oct
BM5.24.3.1021,5,24,32,21-Oct
BM5.24.4.1021,5,24,1,21-Oct
BM5.24.5.1021,5,24,15,21-Oct
BM5.24.6.1021,5,24,15,21-Oct
BM6.0.1.1021,6,0,14,21-Oct
BM6.0.2.1021,6,0,12,21-Oct
BM6.0.3.1021,6,0,17,21-Oct
BM6.0.4.1021,6,0,23,21-Oct
BM6.0.5.1021,6,0,27,21-Oct
BM6.0.6.1021,6,0,26,21-Oct
BM6.8.1.1021,6,8,20,21-Oct
BM6.8.2.1021,6,8,8,21-Oct
BM6.8.3.1021,6,8,13,21-Oct
BM6.8.4.1021,6,8,18,21-Oct
BM6.8.5.1021,6,8,13,21-Oct
BM6.8.6.1021,6,8,9,21-Oct
BM6.16.1.1021,6,16,10,21-Oct
BM6.16.2.1021,6,16,10,21-Oct
BM6.16.3.1021,6,16,9,21-Oct
BM6.16.4.1021,6,16,13,21-Oct
BM6.16.5.1021,6,16,15,21-Oct
BM6.16.6.1021,6,16,8,21-Oct
BM6.24.1.1021,6,24,17,21-Oct
BM6.24.2.1021,6,24,15,21-Oct
BM6.24.3.1021,6,24,4,21-Oct
BM6.24.4.1021,6,24,7,21-Oct
BM6.24.5.1021,6,24,13,21-Oct
BM6.24.6.1021,6,24,10,21-Oct
,,,,
,,,,
LB1.0.1,1,0,,
LB1.0.2,1,0,,
LB1.0.3,1,0,,
LB1.0.4,1,0,,
LB1.0.5,1,0,,
LB1.0.6,1,0,,
LB1.8.1,1,8,,
LB1.8.2,1,8,,
LB1.8.3,1,8,,
LB1.8.4,1,8,,
LB1.8.5,1,8,,
LB1.8.6,1,8,,
LB1.16.1,1,16,,
LB1.16.2,1,16,,
LB1.16.3,1,16,,
LB1.16.4,1,16,,
LB1.16.5,1,16,,
LB1.16.6,1,16,,
LB1.24.1,1,24,,
LB1.24.2,1,24,,
LB1.24.3,1,24,,
LB1.24.4,1,24,,
BL1.24.5,1,24,,
LB1.24.6,1,24,,
LB2.0.1,2,0,,
LB2.0.2,2,0,,
LB2.0.3,2,0,,
LB2.0.4,2,0,,
LB2.0.5,2,0,,
LB2.0.6,2,0,,
LB2.8.1,2,8,,
LB2.8.2,2,8,,
LB2.8.3,2,8,,
LB2.8.4,2,8,,
LB2.8.5,2,8,,
LB2.8.6,2,8,,
LB2.16.1,2,16,,
LB2.16.2,2,16,,
LB2.16.3,2,16,,
LB2.16.4,2,16,,
LB2.16.5,2,16,,
LB2.16.6,2,16,,
LB2.24.1,2,24,,
LB2.24.2,2,24,,
LB2.24.3,2,24,,
LB2.24.4,2,24,,
LB2.24.5,2,24,,
LB2.24.6,2,24,,
LB3.0.1,3,0,,
LB3.0.2,3,0,,
LB3.0.3,3,0,,
LB3.0.4,3,0,,
LB3.0.5,3,0,,
LB3.0.6,3,0,,
LB3.8.1,3,8,,
LB3.8.2,3,8,,
LB3.8.3,3,8,,
LB3.8.4,3,8,,
LB3.8.5,3,8,,
LB3.8.6,3,8,,
LB3.16.1,3,16,,
LB3.16.2,3,16,,
LB3.16.3,3,16,,
LB3.16.4,3,16,,
LB3.16.5,3,16,,
LB3.16.6,3,16,,
LB3.24.1,3,24,,
LB3.24.2,3,24,,
LB3.24.3,3,24,,
LB3.24.4,3,24,,
LB3.24.5,3,24,,
LB3.24.6,3,24,,
LB4.0.1,4,0,,
LB4.0.2,4,0,,
LB4.0.3,4,0,,
LB4.0.4,4,0,,
LB4.0.5,4,0,,
LB4.0.6,4,0,,
LB4.8.1,4,8,,
LB4.8.2,4,8,,
LB4.8.3,4,8,,
LB4.8.4,4,8,,
LB4.8.5,4,8,,
LB4.8.6,4,8,,
LB4.16.1,4,16,,
LB4.16.2,4,16,,
LB4.16.3,4,16,,
LB4.16.4,4,16,,
LB4.16.5,4,16,,
LB4.16.6,4,16,,
LB4.24.1,4,24,,
LB4.24.2,4,24,,
LB4.24.3,4,24,,
LB4.24.4,4,24,,
LB4.24.5,4,24,,
LB4.24.6,4,24,,
LB5.0.1,5,0,,
LB5.0.2,5,0,,
LB5.0.3,5,0,,
LB5.0.4,5,0,,
LB5.0.5,5,0,,
LB5.0.6,5,0,,
LB5.8.1,5,8,,
LB5.8.2,5,8,,
LB5.8.3,5,8,,
LB5.8.4,5,8,,
LB5.8.5,5,8,,
LB5.8.6,5,8,,
LB5.16.1,5,16,,
LB5.16.2,5,16,,
LB5.16.3,5,16,,
LB5.16.4,5,16,,
LB5.16.5,5,16,,
LB5.16.6,5,16,,
LB5.24.1,5,24,,
LB5.24.2,5,24,,
LB5.24.3,5,24,,
LB5.24.4,5,24,,
LB5.24.5,5,24,,
LB5.24.6,5,24,,
LB6.0.1,6,0,,
LB6.0.2,6,0,,
LB6.0.3,6,0,,
LB6.0.4,6,0,,
LB6.0.5,6,0,,
LB6.0.6,6,0,,
LB6.8.1,6,8,,
LB6.8.2,6,8,,
LB6.8.3,6,8,,
LB6.8.4,6,8,,
LB6.8.5,6,8,,
LB6.8.6,6,8,,
LB6.16.1,6,16,,
LB6.16.2,6,16,,
LB6.16.3,6,16,,
LB6.16.4,6,16,,
LB6.16.5,6,16,,
LB6.16.6,6,16,,
LB6.24.1,6,24,,
LB6.24.2,6,24,,
LB6.24.3,6,24,,
LB6.24.4,6,24,,
LB6.24.5,6,24,,
LB6.24.6,6,24,,
,,,,
BG1.0.1,1,0,,
BG1.0.2,1,0,,
BG1.0.3,1,0,,
BG1.0.4,1,0,,
BG1.0.5,1,0,,
BG1.0.6,1,0,,
BG1.8.1,1,8,,
BG1.8.2,1,8,,
BG1.8.3,1,8,,
BG1.8.4,1,8,,
BG1.8.5,1,8,,
BG1.8.6,1,8,,
BG1.16.1,1,16,,
BG1.16.2,1,16,,
BG1.16.3,1,16,,
BG1.16.4,1,16,,
BG1.16.5,1,16,,
BG1.16.6,1,16,,
BG1.24.1,1,24,,
BG1.24.2,1,24,,
BG1.24.3,1,24,,
BG1.24.4,1,24,,
BG1.24.5,1,24,,
BG1.24.6,1,24,,
BG2.0.1,2,0,,
BG2.0.2,2,0,,
BG2.0.3,2,0,,
BG2.0.4,2,0,,
BG2.0.5,2,0,,
BG2.0.6,2,0,,
BG2.8.1,2,8,,
BG2.8.2,2,8,,
BG2.8.3,2,8,,
BG2.8.4,2,8,,
BG2.8.5,2,8,,
BG2.8.6,2,8,,
BG2.16.1,2,16,,
BG2.16.2,2,16,,
BG2.16.3,2,16,,
BG2.16.4,2,16,,
BG2.16.5,2,16,,
BG2.16.6,2,16,,
BG2.24.1,2,24,,
BG2.24.2,2,24,,
BG2.24.3,2,24,,
BG2.24.4,2,24,,
BG2.24.5,2,24,,
BG2.24.6,2,24,,
BG3.0.1,3,0,,
BG3.0.2,3,0,,
BG3.0.3,3,0,,
BG3.0.4,3,0,,
BG3.0.5,3,0,,
BG3.0.6,3,0,,
BG3.8.1,3,8,,
BG3.8.2,3,8,,
BG3.8.3,3,8,,
BG3.8.4,3,8,,
BG3.8.5,3,8,,
BG3.8.6,3,8,,
BG3.16.1,3,16,,
BG3.16.2,3,16,,
BG3.16.3,3,16,,
BG3.16.4,3,16,,
BG3.16.5,3,16,,
BG3.16.6,3,16,,
BG3.24.1,3,24,,
BG3.24.2,3,24,,
BG3.24.3,3,24,,
BG3.24.4,3,24,,
BG3.24.5,3,24,,
BG3.24.6,3,24,,
BG4.0.1,4,0,,
BG4.0.2,4,0,,
BG4.0.3,4,0,,
BG4.0.4,4,0,,
BG4.0.5,4,0,,
BG4.0.6,4,0,,
BG4.8.1,4,8,,
BG4.8.2,4,8,,
BG4.8.3,4,8,,
BG4.8.4,4,8,,
BG4.8.5,4,8,,
BG4.8.6,4,8,,
BG4.16.1,4,16,,
BG4.16.2,4,16,,
BG4.16.3,4,16,,
BG4.16.4,4,16,,
BG4.16.5,4,16,,
BG4.16.6,4,16,,
BG4.24.1,4,24,,
BG4.24.2,4,24,,
BG4.24.3,4,24,,
BG4.24.4,4,24,,
BG4.24.5,4,24,,
BG4.24.6,4,24,,
BG5.0.1,5,0,,
BG5.0.2,5,0,,
BG5.0.3,5,0,,
BG5.0.4,5,0,,
BG5.0.5,5,0,,
BG5.0.6,5,0,,
BG5.8.1,5,8,,
BG5.8.2,5,8,,
BG5.8.3,5,8,,
BG5.8.4,5,8,,
BG5.8.5,5,8,,
BG5.8.6,5,8,,
BG5.16.1,5,16,,
BG5.16.2,5,16,,
BG5.16.3,5,16,,
BG5.16.4,5,16,,
BG5.16.5,5,16,,
BG5.16.6,5,16,,
BG5.24.1,5,24,,
BG5.24.2,5,24,,
BG5.24.3,5,24,,
BG5.24.4,5,24,,
BG5.24.5,5,24,,
BG5.24.6,5,24,,
BG6.0.1,6,0,,
BG6.0.2,6,0,,
BG6.0.3,6,0,,
BG6.0.4,6,0,,
BG6.0.5,6,0,,
BG6.0.6,6,0,,
BG6.8.1,6,8,,
BG6.8.2,6,8,,
BG6.8.3,6,8,,
BG6.8.4,6,8,,
BG6.8.5,6,8,,
BG6.8.6,6,8,,
BG6.16.1,6,16,,
BG6.16.2,6,16,,
BG6.16.3,6,16,,
BG6.16.4,6,16,,
BG6.16.5,6,16,,
BG6.16.6,6,16,,
BG6.24.1,6,24,,
BG6.24.2,6,24,,
BG6.24.3,6,24,,
BG6.24.4,6,24,,
BG6.24.5,6,24,,
BG6.24.6,6,24,,
,,,,
SG1.0.1,1,0,,
SG1.0.2,1,0,,
SG1.0.3,1,0,,
SG1.0.4,1,0,,
SG1.0.5,1,0,,
SG1.0.6,1,0,,
SG1.8.1,1,8,,
SG1.8.2,1,8,,
SG1.8.3,1,8,,
SG1.8.4,1,8,,
SG1.8.5,1,8,,
SG1.8.6,1,8,,
SG1.16.1,1,16,,
SG1.16.2,1,16,,
SG1.16.3,1,16,,
SG1.16.4,1,16,,
SG1.16.5,1,16,,
SG1.16.6,1,16,,
SG1.24.1,1,24,,
SG1.24.2,1,24,,
SG1.24.3,1,24,,
SG1.24.4,1,24,,
SG1.24.5,1,24,,
SG1.24.6,1,24,,
SG2.0.1,2,0,,
SG2.0.2,2,0,,
SG2.0.3,2,0,,
SG2.0.4,2,0,,
SG2.0.5,2,0,,
SG2.0.6,2,0,,
SG2.8.1,2,8,,
SG2.8.2,2,8,,
SG2.8.3,2,8,,
SG2.8.4,2,8,,
SG2.8.5,2,8,,
SG2.8.6,2,8,,
SG2.16.1,2,16,,
SG2.16.2,2,16,,
SG2.16.3,2,16,,
SG2.16.4,2,16,,
SG2.16.5,2,16,,
SG2.16.6,2,16,,
SG2.24.1,2,24,,
SG2.24.2,2,24,,
SG2.24.3,2,24,,
SG2.24.4,2,24,,
SG2.24.5,2,24,,
SG2.24.6,2,24,,
SG3.0.1,3,0,,
SG3.0.2,3,0,,
SG3.0.3,3,0,,
SG3.0.4,3,0,,
SG3.0.5,3,0,,
SG3.0.6,3,0,,
SG3.8.1,3,8,,
SG3.8.2,3,8,,
SG3.8.3,3,8,,
SG3.8.4,3,8,,
SG3.8.5,3,8,,
SG3.8.6,3,8,,
SG3.16.1,3,16,,
SG3.16.2,3,16,,
SG3.16.3,3,16,,
SG3.16.4,3,16,,
SG3.16.5,3,16,,
SG3.16.6,3,16,,
SG3.24.1,3,24,,
SG3.24.2,3,24,,
SG3.24.3,3,24,,
SG3.24.4,3,24,,
SG3.24.5,3,24,,
SG3.24.6,3,24,,
SG4.0.1,4,0,,
SG4.0.2,4,0,,
SG4.0.3,4,0,,
SG4.0.4,4,0,,
SG4.0.5,4,0,,
SG4.0.6,4,0,,
SG4.8.1,4,8,,
SG4.8.2,4,8,,
SG4.8.3,4,8,,
SG4.8.4,4,8,,
SG4.8.5,4,8,,
SG4.8.6,4,8,,
SG4.16.1,4,16,,
SG4.16.2,4,16,,
SG4.16.3,4,16,,
SG4.16.4,4,16,,
SG4.16.5,4,16,,
SG4.16.6,4,16,,
SG4.24.1,4,24,,
SG4.24.2,4,24,,
SG4.24.3,4,24,,
SG4.24.4,4,24,,
SG4.24.5,4,24,,
SG4.24.6,4,24,,
SG5.0.1,5,0,,
SG5.0.2,5,0,,
SG5.0.3,5,0,,
SG5.0.4,5,0,,
SG5.0.5,5,0,,
SG5.0.6,5,0,,
SG5.8.1,5,8,,
SG5.8.2,5,8,,
SG5.8.3,5,8,,
SG5.8.4,5,8,,
SG5.8.5,5,8,,
SG5.8.6,5,8,,
SG5.16.1,5,16,,
SG5.16.2,5,16,,
SG5.16.3,5,16,,
SG5.16.4,5,16,,
SG5.16.5,5,16,,
SG5.16.6,5,16,,
SG5.24.1,5,24,,
SG5.24.2,5,24,,
SG5.24.3,5,24,,
SG5.24.4,5,24,,
SG5.24.5,5,24,,
SG5.24.6,5,24,,
SG6.0.1,6,0,,
SG6.0.2,6,0,,
SG6.0.3,6,0,,
SG6.0.4,6,0,,
SG6.0.5,6,0,,
SG6.0.6,6,0,,
SG6.8.1,6,8,,
SG6.8.2,6,8,,
SG6.8.3,6,8,,
SG6.8.4,6,8,,
SG6.8.5,6,8,,
SG6.8.6,6,8,,
SG6.16.1,6,16,,
SG6.16.2,6,16,,
SG6.16.3,6,16,,
SG6.16.4,6,16,,
SG6.16.5,6,16,,
SG6.16.6,6,16,,
SG6.24.1,6,24,,
SG6.24.2,6,24,,
SG6.24.3,6,24,,
SG6.24.4,6,24,,
SG6.24.5,6,24,,
SG6.24.6,6,24,,
,,,,
BM1.0.1,1,0,6,
BG1.0.2,1,0,5,
BM1.0.3,1,0,10,
BM1.0.4,1,0,4,
BM1.0.5,1,0,7,
BM1.0.6,1,0,5,
BM1.8.1,1,8,4,
BM1.8.2,1,8,6,
BM1.8.3,1,8,7,
BM1.8.4,1,8,6,
BM1.8.5,1,8,6,
BM1.8.6,1,8,5,
BM1.16.1,1,16,2,
BM1.16.2,1,16,5,
BM1.16.3,1,16,6,
BM1.16.4,1,16,6,
BM1.16.5,1,16,6,
BM1.16.6,1,16,4,
BM1.24.1,1,24,12,
BM1.24.2,1,24,5,
BM1.24.3,1,24,3,
BM1.24.4,1,24,12,
BM1.24.5,1,24,6,
BM1.24.6,1,24,7,
BM2.0.1,2,0,,
BM2.0.2,2,0,,
BM2.0.3,2,0,,
BM2.0.4,2,0,,
BM2.0.5,2,0,,
BM2.0.6,2,0,,
BM2.8.1,2,8,,
BM2.8.1,2,8,,
BM2.8.3,2,8,,
BM2.8.4,2,8,,
BM2.8.5,2,8,,
BM2.8.6,2,8,,
BM2.16.1,2,16,,
BM2.16.2,2,16,,
BM2.16.3,2,16,,
BM2.16.4,2,16,,
BM2.16.5,2,16,,
BM2.16.6,2,16,,
BM2.24.1,2,24,,
BM2.24.2,2,24,,
BM2.24.3,2,24,,
BM2.24.4,2,24,,
BM2.24.5,2,24,,
BM2.24.6,2,24,,
BM3.0.1,3,0,,
BM3.0.2,3,0,,
BM3.0.3,3,0,,
BM3.0.4,3,0,,
BM3.0.5,3,0,,
BM3.0.6,3,0,,
BM3.8.1,3,8,,
BM3.8.2,3,8,,
BM3.8.3,3,8,,
BM3.8.4,3,8,,
BM3.8.5,3,8,,
BM3.8.6,3,8,,
BM3.16.1,3,16,,
BM3.16.2,3,16,,
BM3.16.3,3,16,,
BM3.16.4,3,16,,
BM3.16.5,3,16,,
BM3.16.6,3,16,,
BM3.24.1,3,24,,
BM3.24.2,3,24,,
BM3.24.3,3,24,,
BM3.24.4,3,24,,
BM3.24.5,3,24,,
BM3.24.6,3,24,,
BM4.0.1,4,0,,
BM4.0.2,4,0,,
BM4.0.3,4,0,,
BM4.0.4,4,0,,
BM4.0.5,4,0,,
BM4.0.6,4,0,,
BM4.8.1,4,8,,
BM4.8.2,4,8,,
BM4.8.3,4,8,,
BM4.8.4,4,8,,
BM4.8.5,4,8,,
BM4.8.6,4,8,,
BM4.16.1,4,16,,
BM4.16.2,4,16,,
BM4.16.3,4,16,,
BM4.16.4,4,16,,
BM4.16.5,4,16,,
BM4.16.6,4,16,,
BM4.24.1,4,24,,
BM4.24.2,4,24,,
BM4.24.3,4,24,,
BM4.24.4,4,24,,
BM4.24.5,4,24,,
BM4.24.6,4,24,,
BM5.0.1,5,0,,
BM5.0.2,5,0,,
BM5.0.3,5,0,,
BM5.0.4,5,0,,
BM5.0.5,5,0,,
BM5.0.6,5,0,,
BM5.8.1,5,8,,
BM5.8.2,5,8,,
BM5.8.3,5,8,,
BM5.8.4,5,8,,
BM5.8.5,5,8,,
BM5.8.6,5,8,,
BM5.16.1,5,16,,
BM5.16.2,5,16,,
BM5.16.3,5,16,,
BM5.16.4,5,16,,
BM5.16.5,5,16,,
BM5.16.6,5,16,,
BM5.24.1,5,24,,
BM5.24.2,5,24,,
BM5.24.3,5,24,,
BM5.24.4,5,24,,
BM5.24.5,5,24,,
BM5.24.6,5,24,,
BM6.0.1,6,0,,
BM6.0.2,6,0,,
BM6.0.3,6,0,,
BM6.0.4,6,0,,
BM6.0.5,6,0,,
BM6.0.6,6,0,,
BM6.8.1,6,8,,
BM6.8.2,6,8,,
BM6.8.3,6,8,,
BM6.8.4,6,8,,
BM6.8.5,6,8,,
BM6.8.6,6,8,,
BM6.16.1,6,16,,
BM6.16.2,6,16,,
BM6.16.3,6,16,,
BM6.16.4,6,16,,
BM6.16.5,6,16,,
BM6.16.6,6,16,,
BM6.24.1,6,24,,
BM6.24.2,6,24,,
BM6.24.3,6,24,,
BM6.24.4,6,24,,
BM6.24.5,6,24,,
BM6.24.6,6,24,,
